Date,Price
2023-01-03,122.9827117919922
2023-01-04,124.25119018554688
2023-01-05,122.9335479736328
2023-01-06,127.45677185058594
2023-01-09,127.97791290283205
2023-01-10,128.5482177734375
2023-01-11,131.26220703125
2023-01-12,131.1835479736328
2023-01-13,132.51100158691406
2023-01-17,133.67127990722656
2023-01-18,132.95347595214844
2023-01-19,133.01248168945312
2023-01-20,135.56910705566406
2023-01-23,138.75502014160156
2023-01-24,140.15133666992188
2023-01-25,139.49249267578125
2023-01-26,141.5574188232422
2023-01-27,143.49459838867188
2023-01-30,140.61349487304688
2023-01-31,141.88194274902344
2023-02-01,143.0029296875
2023-02-02,148.30299377441406
2023-02-03,151.9215545654297
2023-02-06,149.1977996826172
2023-02-07,152.06906127929688
2023-02-08,149.38461303710938
2023-02-09,148.3521270751953
2023-02-10,148.71653747558594
2023-02-13,151.51341247558594
2023-02-14,150.87326049804688
2023-02-15,152.97091674804688
2023-02-16,151.3755340576172
2023-02-17,150.23313903808594
2023-02-21,146.22496032714844
2023-02-22,146.64842224121094
2023-02-23,147.13096618652344
2023-02-24,144.48184204101562
2023-02-27,145.67344665527344
2023-02-28,145.1712188720703
2023-03-01,143.1031036376953
2023-03-02,143.69395446777344
2023-03-03,148.73622131347656
2023-03-06,151.49368286132812
2023-03-07,149.29754638671875
2023-03-08,150.54827880859375
2023-03-09,148.30291748046875
2023-03-10,146.24464416503906
2023-03-13,148.18472290039062
2023-03-14,150.27252197265625
2023-03-15,150.66647338867188
2023-03-16,153.48300170898438
2023-03-17,152.6459503173828
2023-03-20,155.00946044921875
2023-03-21,156.8609161376953
2023-03-22,155.43296813964844
2023-03-23,156.5162353515625
2023-03-24,157.81619262695312
2023-03-27,155.87611389160156
2023-03-28,155.25570678710938
2023-03-29,158.3283233642578
2023-03-30,159.89414978027344
2023-03-31,162.3955535888672
2023-04-03,163.64625549316406
2023-04-04,163.11448669433594
2023-04-05,161.27288818359375
2023-04-06,162.1592254638672
2023-04-10,159.56915283203125
2023-04-11,158.35784912109375
2023-04-12,157.66847229003906
2023-04-13,163.04556274414062
2023-04-14,162.70089721679688
2023-04-17,162.72055053710938
2023-04-18,163.9417266845703
2023-04-19,165.08413696289062
2023-04-20,164.1189727783203
2023-04-21,162.5137481689453
2023-04-24,162.81903076171875
2023-04-25,161.28273010253906
2023-04-26,161.27288818359375
2023-04-27,165.852294921875
2023-04-28,167.10296630859375
2023-05-01,167.0143280029297
2023-05-02,165.98028564453125
2023-05-03,164.9068145751953
2023-05-04,163.27206420898438
2023-05-05,170.93389892578125
2023-05-08,170.8649444580078
2023-05-09,169.16122436523438
2023-05-10,170.92404174804688
2023-05-11,171.1111602783203
2023-05-12,170.18414306640625
2023-05-15,169.6910858154297
2023-05-16,169.6910858154297
2023-05-17,170.302490234375
2023-05-18,172.6298828125
2023-05-19,172.73834228515625
2023-05-22,171.79159545898438
2023-05-23,169.1881103515625
2023-05-24,169.46424865722656
2023-05-25,170.5983428955078
2023-05-26,173.00462341308594
2023-05-30,174.8487548828125
2023-05-31,174.79945373535156
2023-06-01,177.60020446777344
2023-06-02,178.44827270507812
2023-06-05,177.0972442626953
2023-06-06,176.7323455810547
2023-06-07,175.361572265625
2023-06-08,178.07354736328125
2023-06-09,178.4581756591797
2023-06-12,181.24899291992188
2023-06-13,180.7756500244141
2023-06-14,181.4068145751953
2023-06-15,183.43833923339844
2023-06-16,182.3634185791016
2023-06-20,182.45216369628903
2023-06-21,181.4166717529297
2023-06-22,184.41465759277344
2023-06-23,184.09906005859372
2023-06-26,182.7085723876953
2023-06-27,185.4600372314453
2023-06-28,186.63352966308597
2023-06-29,186.9688262939453
2023-06-30,191.28829956054688
2023-07-03,189.79916381835935
2023-07-05,188.68478393554688
2023-07-06,189.15814208984372
2023-07-07,188.04376220703125
2023-07-10,186.00238037109372
2023-07-11,185.47970581054688
2023-07-12,187.14637756347656
2023-07-13,187.9057159423828
2023-07-14,188.0536651611328
2023-07-17,191.3080139160156
2023-07-18,191.05160522460935
2023-07-19,192.40267944335935
2023-07-20,190.45989990234372
2023-07-21,189.28636169433597
2023-07-24,190.0851593017578
2023-07-25,190.943115234375
2023-07-26,191.8109588623047
2023-07-27,190.5486602783203
2023-07-28,193.1225433349609
2023-07-31,193.73399353027344
2023-08-01,192.90562438964844
2023-08-02,189.91749572753903
2023-08-03,188.5269775390625
2023-08-04,179.4739227294922
2023-08-07,176.37734985351562
2023-08-08,177.31417846679688
2023-08-09,175.7264862060547
2023-08-10,175.5094757080078
2023-08-11,175.5687713623047
2023-08-14,177.2178955078125
2023-08-15,175.2329864501953
2023-08-16,174.36399841308594
2023-08-17,171.8261260986328
2023-08-18,172.30999755859375
2023-08-21,173.6431121826172
2023-08-22,175.01571655273438
2023-08-23,178.85714721679688
2023-08-24,174.17636108398438
2023-08-25,176.3784942626953
2023-08-28,177.93878173828125
2023-08-29,181.81964111328125
2023-08-30,185.3055725097656
2023-08-31,185.52279663085935
2023-09-01,187.0929718017578
2023-09-05,187.3299560546875
2023-09-06,180.62478637695312
2023-09-07,175.34161376953125
2023-09-08,175.95384216308594
2023-09-11,177.119140625
2023-09-12,174.09735107421875
2023-09-13,172.03346252441406
2023-09-14,173.5443572998047
2023-09-15,172.82350158691406
2023-09-18,175.74647521972656
2023-09-19,176.83277893066406
2023-09-20,173.2974853515625
2023-09-21,171.7569580078125
2023-09-22,172.60621643066406
2023-09-25,173.880126953125
2023-09-26,169.81158447265625
2023-09-27,168.3007049560547
2023-09-28,168.55747985839844
2023-09-29,169.0709686279297
2023-10-02,171.57923889160156
2023-10-03,170.24609375
2023-10-04,171.49034118652344
2023-10-05,172.72471618652344
2023-10-06,175.2725067138672
2023-10-09,176.75376892089844
2023-10-10,176.16122436523438
2023-10-11,177.55361938476562
2023-10-12,178.4522705078125
2023-10-13,176.61550903320312
2023-10-16,176.4871368408203
2023-10-17,174.93673706054688
2023-10-18,173.6431121826172
2023-10-19,173.26785278320312
2023-10-20,170.72010803222656
2023-10-23,170.8385772705078
2023-10-24,171.27313232421875
2023-10-25,168.96234130859375
2023-10-26,164.804931640625
2023-10-27,166.11830139160156
2023-10-30,168.16244506835938
2023-10-31,168.63645935058594
2023-11-01,171.79647827148438
2023-11-02,175.3515167236328
2023-11-03,174.44297790527344
2023-11-06,176.99075317382812
2023-11-07,179.5483856201172
2023-11-08,180.60504150390625
2023-11-09,180.1310272216797
2023-11-10,184.3136749267578
2023-11-13,182.73159790039065
2023-11-14,185.342041015625
2023-11-15,185.90565490722656
2023-11-16,187.58665466308597
2023-11-17,187.56686401367188
2023-11-20,189.30714416503903
2023-11-21,188.50619506835935
2023-11-22,189.1687164306641
2023-11-24,187.84371948242188
2023-11-27,187.66574096679688
2023-11-28,188.2688751220703
2023-11-29,187.25042724609372
2023-11-30,187.8239288330078
2023-12-01,189.09950256347656
2023-12-04,187.30978393554688
2023-12-05,191.25511169433597
2023-12-06,190.1674041748047
2023-12-07,192.09559631347656
2023-12-08,193.51950073242188
2023-12-11,191.017822265625
2023-12-12,192.5306854248047
2023-12-13,195.74429321289065
2023-12-14,195.8926239013672
2023-12-15,195.3586578369141
2023-12-18,193.69747924804688
2023-12-19,194.73573303222656
2023-12-20,192.6493377685547
2023-12-21,192.50099182128903
2023-12-22,191.43312072753903
2023-12-26,190.8892364501953
2023-12-27,190.9881134033203
2023-12-28,191.4133453369141
2023-12-29,190.3750762939453
